"0","0","Camera report simple fast may","81","6","2013-12-15 06:10:22","307.17","false"
"1","1","Available we design require","86","4","1980-07-14 21:26:28","114.15","false"
"2","2","Yeah report","10","4","2002-01-27 00:47:29","105.63","false"
"3","3","Night window own stand","81","2","2012-04-11 07:44:16","289.07","false"
"4","4","Seven fish forget","1","5","1973-04-14 04:19:54","305.86","false"
"5","5","Probably blood ago","21","7","2019-12-04 18:26:53","47.87","false"
"6","6","Land together","75","8","1992-02-27 20:02:44","368.78","false"
"7","7","Whether house human","44","7","1995-04-08 06:09:34","390.21","false"
"8","8","Forget father bit","97","1","2020-05-06 08:20:35","155.34","false"
"9","9","Section next","89","10","1990-11-20 01:16:51","197.35","false"
"10","10","Hair southern office data","8","10","1983-02-22 06:02:46","143.57","false"
"11","11","Campaign line sure","34","9","1978-11-21 10:21:08","447.88","false"
"12","12","Leader sell","95","7","1991-12-31 17:01:56","250.55","false"
"13","13","Speech out pass","69","5","2023-05-04 06:06:01","254.43","false"
"14","14","Good law such","86","7","1985-06-23 02:32:17","171.34","false"
"15","15","Recently amount","44","7","2016-01-22 15:36:33","4.96","false"
"16","16","Record recent","28","9","1978-04-13 15:39:14","102.59","false"
"17","17","Rather represent professor","0","8","2013-05-01 18:55:28","476.64","false"
"18","18","Test after paper","53","5","2006-11-15 20:48:34","65.32","false"
"19","19","Knowledge win office fire","8","1","1989-05-14 10:50:45","343.12","false"
"20","20","Song deep agree","18","1","2002-04-14 20:01:33","209.49","false"
"21","21","Character smile","80","10","2011-12-20 20:23:37","230.19","false"
"22","22","Race grow mention","20","1","2018-05-19 11:52:24","203.97","false"
"23","23","Should medical rather","77","1","2011-06-08 08:23:02","437.91","false"
"24","24","Seven glass media","19","5","2010-07-28 21:14:17","428.12","false"
"25","25","Recently whose area","61","1","2000-12-01 18:40:37","272.40","false"
"26","26","Pull upon offer write per","24","2","2016-01-05 18:22:55","75.38","false"
"27","27","Whatever knowledge industry out alone","83","8","1989-11-11 00:11:10","266.51","false"
"28","28","Lose suggest staff whether little","39","1","1991-05-10 21:40:22","112.75","false"
"29","29","Size whose list","89","10","1990-02-02 22:14:55","380.17","false"
"30","30","Someone up important","32","10","1989-01-09 01:00:28","50.29","false"
"31","31","Guess pay either society trouble","59","9","1988-11-15 16:41:47","131.76","false"
"32","32","Standard sure campaign military stay","4","5","1976-05-14 15:53:40","224.46","false"
"33","33","Account where attention","50","5","1972-01-25 23:12:15","460.37","false"
"34","34","Rock different","39","7","1989-02-16 09:27:22","184.25","false"
"35","35","Behavior only consider send","72","6","2006-05-27 22:16:47","429.72","false"
"36","36","Stay commercial garden meet","26","7","1970-04-29 16:12:53","287.01","false"
"37","37","Build indicate","18","1","1972-11-03 20:44:27","270.56","false"
"38","38","Audience threat dream","49","10","1992-02-16 00:43:33","49.39","false"
"39","39","Visit service course Mr","30","1","2008-05-26 18:45:53","318.28","false"
"40","40","Avoid citizen over","23","9","2019-04-04 13:20:52","111.88","false"
"41","41","Join full send","90","4","1979-01-06 06:54:39","468.05","false"
"42","42","Network security","24","1","2013-06-11 16:16:31","196.69","false"
"43","43","Build region various","5","2","2007-01-13 18:50:14","393.27","false"
"44","44","Item claim capital","96","7","2020-09-28 05:25:37","384.21","false"
"45","45","Push notice easy TV","49","3","1995-03-21 09:12:00","350.38","false"
"46","46","Stand open your land","41","1","1978-12-26 14:13:58","421.89","false"
"47","47","Who may system past main","16","9","2009-10-12 01:39:17","189.68","false"
"48","48","Guess condition","9","8","1971-07-08 21:23:46","148.57","false"
"49","49","Chance picture compare imagine vote","92","5","1972-06-12 14:05:42","57.43","false"
"50","50","Ten discover around agree weight","19","5","2022-06-18 13:14:50","149.38","false"
"51","51","Tend yourself room","74","6","1979-11-30 00:54:38","148.43","false"
"52","52","It group statement see","6","2","1986-05-07 13:08:29","127.93","false"
"53","53","Reflect scene represent","1","3","1984-12-02 17:51:15","436.75","false"
"54","54","Democrat dark maybe","5","2","2003-12-20 06:25:37","104.73","false"
"55","55","Feel push entire hand during","79","8","1993-01-03 00:58:45","366.08","false"
"56","56","War seem think","84","8","2020-04-24 09:55:50","380.64","false"
"57","57","Build share agreement","17","7","1989-12-12 10:02:10","430.80","false"
"58","58","Interview boy prove hot run","77","1","2007-03-04 19:02:54","30.50","false"
"59","59","Concern office practice approach","98","8","2018-06-16 11:16:56","347.75","false"
"60","60","Camera score store store","55","4","2003-07-10 00:35:13","493.00","false"
"61","61","Agent character bar fish","89","5","1999-05-30 20:11:26","117.91","false"
"62","62","Among southern stay never high","33","2","1977-10-17 08:54:25","397.00","false"
"63","63","Respond year consider fall","42","7","2013-04-24 16:53:41","195.61","false"
"64","64","Almost no someone together various","5","5","1974-03-15 06:00:51","72.04","false"
"65","65","Reach national weight air","33","8","1986-12-19 02:24:18","462.25","false"
"66","66","Performance production then though","78","10","1976-03-27 12:50:04","429.29","false"
"67","67","You imagine deal along","17","3","1973-12-12 05:06:10","437.12","false"
"68","68","Culture prevent would","58","4","2002-10-25 03:07:05","307.65","false"
"69","69","Later be","93","3","1998-01-21 08:46:58","157.20","false"
"70","70","Interest begin agreement positive although","1","3","1980-08-12 22:46:26","330.04","false"
"71","71","Quickly memory security vote story","61","8","1989-05-18 18:19:55","26.45","false"
"72","72","Prevent market daughter","92","3","2014-09-16 05:37:43","131.06","false"
"73","73","Little matter","7","6","1996-03-21 16:03:43","269.45","false"
"74","74","Above age commercial feel","25","10","2003-08-06 21:40:22","107.93","false"
"75","75","Recognize paper once opportunity","40","10","1990-07-19 12:09:27","130.53","false"
"76","76","Night almost ago I others","36","1","1993-02-27 09:56:43","162.84","false"
"77","77","Sense only something","29","2","1987-08-22 10:20:22","8.88","false"
"78","78","Education church cup","78","6","2016-06-06 03:57:49","443.18","false"
"79","79","Use enjoy these later","0","10","1972-10-28 12:52:30","215.37","false"
"80","80","Especially soldier political","95","8","2015-06-09 12:13:26","366.42","false"
"81","81","Direction network house allow difficult","19","1","2006-03-05 13:40:02","230.49","false"
"82","82","Affect exactly memory","61","6","1978-05-12 22:45:20","216.45","false"
"83","83","Doctor camera","16","4","1990-04-28 03:56:20","249.35","false"
"84","84","Live member join lot camera","71","4","1971-12-30 09:24:36","155.31","false"
"85","85","Grow laugh always","42","7","1972-10-26 13:45:18","432.95","false"
"86","86","Significant decision today require","87","7","2011-02-09 20:11:47","462.79","false"
"87","87","Whose himself","89","2","2016-11-01 06:25:41","7.07","false"
"88","88","Stage family easy","56","3","2020-07-04 03:46:43","29.75","false"
"89","89","Government try eight","88","1","2020-05-13 12:35:26","225.12","false"
"90","90","Scene thousand remain","50","5","1991-06-30 19:48:53","138.26","false"
"91","91","Job power from not","26","1","2010-12-02 17:59:26","221.67","false"
"92","92","Appear green power Congress","23","1","1976-01-15 08:24:10","50.39","false"
"93","93","Sign task maintain","4","7","2007-04-05 05:37:26","255.41","false"
"94","94","Animal about activity floor air","94","5","1973-07-01 13:15:19","223.50","false"
"95","95","Picture call organization","68","2","2014-02-15 02:49:41","397.75","false"
"96","96","Every law case","44","5","2011-07-24 17:34:52","291.61","false"
"97","97","Even oil reveal","66","10","2013-05-22 22:31:10","8.59","false"
"98","98","Effort current","37","9","1976-08-23 20:59:18","174.96","false"
"99","99","Military threat own too law","58","10","2023-06-04 12:02:26","265.33","false"
"100","100","Nothing middle ask TV","75","9","1993-03-27 02:32:11","13.22","false"
"101","101","A former hour","35","1","2010-08-01 15:14:07","142.07","false"
"102","102","Range condition notice bill","87","2","2010-07-26 23:01:46","300.89","false"
"103","103","Worry sometimes assume raise","12","8","1981-09-08 16:10:15","411.60","false"
"104","104","Five Republican opportunity evidence","76","6","1996-05-02 23:20:18","492.13","false"
"105","105","Reality technology thing","48","2","2002-03-05 23:58:43","239.22","false"
"106","106","My hundred sea","67","3","1982-11-29 03:36:48","427.93","false"
"107","107","Player cut effect reach","90","2","1984-03-11 03:29:13","231.67","false"
"108","108","Would adult important point","25","8","1986-09-10 08:13:16","197.29","false"
"109","109","Foot recently art","81","2","2008-09-28 09:46:37","47.88","false"
"110","110","Weight human water","43","7","1971-08-07 17:26:01","87.01","false"
"111","111","Grow issue future technology","14","2","1986-02-07 13:35:53","277.15","false"
"112","112","Cause risk","97","8","2002-06-05 06:00:37","49.05","false"
"113","113","At light issue whose interesting","80","6","2021-11-06 01:10:07","125.50","false"
"114","114","Whose PM very important","52","4","1989-08-06 19:02:01","387.14","false"
"115","115","Would myself learn cup","15","6","1979-11-30 19:23:58","244.15","false"
"116","116","So data bit happen both","92","7","1974-07-13 23:15:54","58.45","false"
"117","117","Article ball","62","9","1970-06-21 14:29:06","66.45","false"
"118","118","Back none","81","6","2023-08-29 11:12:57","285.22","false"
"119","119","Low admit","77","6","2014-06-18 18:41:41","435.08","false"
"120","120","Now paper situation style","63","1","1982-01-27 04:29:26","361.38","false"
"121","121","Little project outside behind","35","3","1980-12-08 09:01:59","372.46","false"
"122","122","Oil soldier as police","4","6","2009-09-01 03:07:33","411.73","false"
"123","123","Full foreign because they","24","1","2021-10-21 19:28:17","22.51","false"
"124","124","Worker amount","61","3","2010-05-24 23:42:34","207.58","false"
"125","125","Number must computer same claim","17","6","1978-01-27 09:59:32","346.88","false"
"126","126","Model fear early war","39","10","2004-07-02 13:11:15","349.12","false"
"127","127","Why every apply agent fear","53","2","2023-03-18 05:31:30","220.82","false"
"128","128","Find them civil","75","5","2004-06-08 10:50:50","451.34","false"
"129","129","Enough indicate car floor development","41","7","2020-11-14 18:25:48","52.40","false"
"130","130","Wear manager there would against","83","8","2018-06-02 17:37:15","342.23","false"
"131","131","Fly fear once","42","1","1986-01-05 10:28:46","192.34","false"
"132","132","Beautiful out method point","26","9","2010-09-24 16:01:08","149.34","false"
"133","133","Amount memory purpose","91","8","2017-02-21 10:07:19","456.71","false"
"134","134","Matter herself job who","84","10","2017-08-05 11:24:23","163.84","false"
"135","135","Together tough fill","30","8","2010-09-02 01:19:27","262.82","false"
"136","136","Arrive may spring friend air","75","10","2017-05-18 22:49:07","466.81","false"
"137","137","Available four name","45","1","2001-09-25 16:44:44","380.36","false"
"138","138","Bag process science","61","1","2018-01-28 15:13:42","157.31","false"
"139","139","Debate girl wide cup whole","66","8","1973-02-25 07:34:08","58.46","false"
"140","140","Join concern feeling","70","8","2008-11-10 09:47:56","387.84","false"
"141","141","Dog hold send population","40","7","2013-09-08 11:36:43","16.89","false"
"142","142","Least nothing property","38","10","2014-12-19 10:08:23","72.39","false"
"143","143","Situation human","44","2","1973-09-25 13:17:15","250.36","false"
"144","144","City goal everyone special","43","6","1998-04-20 03:50:38","368.78","false"
"145","145","Finally end","86","1","1979-11-10 22:55:27","150.57","false"
"146","146","Interesting example source","72","10","2010-12-24 22:15:39","134.89","false"
"147","147","Who environment often","59","8","1994-11-29 04:04:45","206.23","false"
"148","148","Audience scene same","7","4","2005-08-17 04:39:24","454.90","false"
"149","149","Team study late certainly itself","23","9","2021-12-24 05:05:13","231.62","false"
"150","150","Enjoy gun effect lose","78","8","1996-07-03 23:29:16","115.23","false"
"151","151","South seek run suggest","28","4","2019-08-29 18:23:02","263.13","false"
"152","152","Suggest hundred knowledge","8","8","1982-07-30 19:58:13","469.55","false"
"153","153","Growth whatever play reflect","68","10","2015-10-19 20:32:45","261.58","false"
"154","154","Nice task","5","10","2013-04-05 01:12:03","381.02","false"
"155","155","Be above imagine","56","10","1980-12-01 13:15:01","270.90","false"
"156","156","Early technology yes analysis music","7","7","1995-03-16 00:12:20","166.86","false"
"157","157","Pressure security","99","7","2000-02-14 21:16:08","396.59","false"
"158","158","Player occur politics","61","7","1976-06-28 17:08:34","23.62","false"
"159","159","Reason unit quality sing","59","3","1972-08-15 03:43:16","330.97","false"
"160","160","Amount gun","48","1","1986-03-20 12:38:02","342.84","false"
"161","161","Take shoulder pick child drive","76","10","1981-01-17 22:59:39","55.98","false"
"162","162","Down two employee thank","63","1","1999-05-17 00:38:25","425.05","false"
"163","163","Hour response enjoy","51","7","1984-08-05 10:18:26","337.39","false"
"164","164","Unit make","61","4","1998-08-21 21:55:06","493.13","false"
"165","165","Five establish from minute","83","5","2003-11-06 06:59:54","314.75","false"
"166","166","Seem not","31","7","1979-05-22 00:11:02","387.83","false"
"167","167","Part four under one stock","94","3","2000-04-17 04:31:48","39.24","false"
"168","168","Figure other note near window","19","3","1977-09-30 11:47:09","11.47","false"
"169","169","Have dinner","24","4","2021-08-19 15:50:14","479.26","false"
"170","170","Understand site and","68","1","1990-02-17 03:23:01","451.09","false"
"171","171","Nearly visit","14","7","2008-11-28 04:05:03","145.17","false"
"172","172","Sister character interview","22","8","2006-10-12 07:18:15","252.88","false"
"173","173","Structure leg few","59","9","1997-09-28 15:19:44","235.22","false"
"174","174","Find need scene","32","4","1978-08-26 13:21:11","327.41","false"
"175","175","Republican behind cup herself attorney","39","6","2016-12-07 18:04:58","333.42","false"
"176","176","Federal message","71","7","2010-06-02 13:18:16","467.81","false"
"177","177","For base if specific","8","6","1999-08-06 19:14:53","377.42","false"
"178","178","Off yourself marriage","29","1","1975-01-27 18:57:25","438.13","false"
"179","179","Energy under condition food forget","82","9","1977-03-05 15:35:21","323.78","false"
"180","180","Democratic ok south","15","5","2016-08-23 11:22:33","122.51","false"
"181","181","Authority behavior yet never","46","3","2011-04-04 01:29:37","51.45","false"
"182","182","Force seem make","56","8","2002-04-11 19:38:45","49.51","false"
"183","183","Establish meet about couple","82","4","1996-05-15 10:55:50","422.40","false"
"184","184","Simple total walk","80","3","1980-07-28 00:15:08","145.94","false"
"185","185","Understand hot win money","80","4","1975-09-28 02:33:54","206.62","false"
"186","186","Relate suffer future","7","1","2013-09-22 00:36:26","494.38","false"
"187","187","Try individual top heart","70","10","2002-11-17 15:00:01","487.04","false"
"188","188","Either history","19","2","1972-06-19 08:56:51","368.76","false"
"189","189","What too building own","42","1","2023-09-01 14:34:55","3.04","false"
"190","190","Travel get people marriage scene","88","7","2016-11-22 00:41:09","102.10","false"
"191","191","Take picture coach doctor","58","3","1980-10-01 18:39:16","399.67","false"
"192","192","Other movement determine","47","8","1992-10-29 01:55:41","169.37","false"
"193","193","Six ready management appear","45","8","1975-05-12 03:48:19","59.68","false"
"194","194","Employee thousand","97","5","1992-01-29 11:22:27","342.47","false"
"195","195","Control type land outside","66","10","1970-12-10 06:31:14","177.28","false"
"196","196","Strategy foot water","22","3","2014-06-10 13:39:08","368.55","false"
"197","197","Over morning cost","86","10","2002-01-26 20:39:58","170.46","false"
"198","198","Modern discuss activity usually","52","3","1993-06-20 15:10:42","399.16","false"
"199","199","Relationship reality bag","4","6","2004-10-11 02:05:47","343.96","false"
"200","200","Suddenly most board break","89","6","1990-12-15 11:35:03","268.64","false"
"201","201","Amount not road discuss","91","3","1991-12-25 04:29:57","240.30","false"
"202","202","Large wear every itself","0","9","1970-09-20 13:15:59","348.73","false"
"203","203","Agent instead","71","1","1990-11-18 16:34:55","318.56","false"
"204","204","Number company dream","5","2","1970-03-08 03:03:01","148.68","false"
"205","205","Follow language","96","10","1989-09-02 19:33:35","81.20","false"
"206","206","Collection cause","29","2","2010-03-11 18:55:32","104.20","false"
"207","207","Line door customer expert","4","8","1974-10-29 22:54:40","173.12","false"
"208","208","Than range","21","4","1974-06-10 11:29:16","358.96","false"
"209","209","Good dream ability","20","8","2002-11-02 08:22:15","343.49","false"
"210","210","International present customer","89","10","2015-05-07 10:42:39","136.64","false"
"211","211","Pattern every his cold probably","22","5","2014-07-30 17:54:40","421.46","false"
"212","212","Here goal political","25","4","2007-07-05 04:44:59","68.74","false"
"213","213","Hear nation car treatment","56","8","1982-04-04 04:12:32","5.61","false"
"214","214","Before century","26","6","1997-02-08 18:41:57","86.18","false"
"215","215","Follow this show factor","59","9","1972-09-25 01:33:13","403.77","false"
"216","216","Attention out stock go","76","8","1985-04-29 07:18:04","455.33","false"
"217","217","Bed treatment beyond story television","82","2","1987-01-19 07:35:34","118.41","false"
"218","218","Community himself event quickly","31","9","1983-03-06 06:02:33","327.93","false"
"219","219","Late mean political many","4","5","2018-07-17 01:02:34","399.03","false"
"220","220","Bag mouth capital surface","41","9","2005-01-26 07:47:00","381.49","false"
"221","221","Research international now page","7","9","2013-02-19 12:26:32","362.38","false"
"222","222","Issue prevent teacher","43","3","2007-04-17 03:15:42","289.96","false"
"223","223","Machine serve eye","19","1","1981-08-24 18:25:34","10.39","false"
"224","224","Man by right grow since","84","2","1993-02-23 22:22:19","120.42","false"
"225","225","Image floor save","71","6","2017-11-07 10:03:47","215.43","false"
"226","226","Nor for as full","90","4","2010-02-09 06:16:37","290.99","false"
"227","227","Church project traditional","25","4","2009-10-23 21:59:22","367.62","false"
"228","228","Design describe design","9","1","1989-03-12 02:38:56","18.33","false"
"229","229","Dinner tough I bag nice","72","1","2023-01-05 02:56:14","218.82","false"
"230","230","You quality art us result","52","9","2014-04-11 09:39:55","359.96","false"
"231","231","Room without","3","2","1988-10-11 14:23:04","239.01","false"
"232","232","Big reality","52","7","1995-09-25 10:54:03","50.91","false"
"233","233","Rise test ago may","68","7","2016-07-29 07:42:07","362.95","false"
"234","234","Enough beyond person tax","41","1","2010-05-12 01:21:51","213.77","false"
"235","235","Serve suffer despite later","97","1","2013-08-03 01:11:48","160.50","false"
"236","236","However defense student","83","2","1976-02-07 14:51:55","356.30","false"
"237","237","Since spring leader","39","7","1973-01-24 15:31:12","190.24","false"
"238","238","Necessary some total","89","2","1975-05-19 05:39:39","12.65","false"
"239","239","Or music call sea","68","1","1990-09-29 10:15:26","491.25","false"
"240","240","Particular during from away be","41","9","2023-03-07 08:46:03","203.12","false"
"241","241","Magazine fill tell power letter","23","1","1992-11-01 23:48:47","182.81","false"
"242","242","None raise bring its enter","7","10","2001-10-06 01:38:32","242.52","false"
"243","243","Inside science hundred","53","1","2020-11-21 08:06:33","432.41","false"
"244","244","Paper open media claim animal","5","4","1977-09-18 20:48:59","286.06","false"
"245","245","Investment late tend","68","9","2013-05-09 18:10:28","170.99","false"
"246","246","Particular individual out big","68","6","1988-05-22 22:37:38","202.17","false"
"247","247","Once into find later","37","5","1991-11-15 17:41:35","199.89","false"
"248","248","Down continue all through","95","8","1992-09-30 13:52:13","5.79","false"
"249","249","Cut staff front risk environment","77","4","1999-03-23 16:44:24","143.66","false"
"250","250","Ago have home","75","6","1999-10-21 21:20:31","253.70","false"
"251","251","Home along","89","4","2023-08-29 22:39:22","104.07","false"
"252","252","Policy nor recently water it","62","7","1976-02-03 19:31:55","0.86","false"
"253","253","Prove environmental will could","48","7","2008-10-03 12:22:28","20.71","false"
"254","254","Increase attention","44","1","1985-10-12 18:42:44","148.11","false"
"255","255","Catch them bar on","23","9","2015-06-04 19:08:48","375.96","false"
"256","256","Available these statement inside billion","52","1","2003-07-01 03:33:29","202.63","false"
"257","257","Base start","62","4","2004-07-07 05:42:08","180.71","false"
"258","258","Policy around third system","23","9","1999-01-17 18:13:47","489.89","false"
"259","259","Floor amount","52","1","1977-06-30 11:06:14","408.49","false"
"260","260","Allow left whom his visit","23","1","1984-03-28 21:23:42","24.65","false"
"261","261","Dream source million course","13","5","1986-12-08 22:42:48","157.64","false"
"262","262","Technology spend","18","8","2005-07-09 14:09:04","161.65","false"
"263","263","Answer growth who","1","8","1992-05-24 10:08:52","160.92","false"
"264","264","Yeah into way detail","77","5","1980-12-03 02:17:39","277.07","false"
"265","265","Situation create blood","80","3","2000-05-20 01:46:19","330.27","false"
"266","266","Door contain wide","98","9","2016-09-16 17:08:55","112.66","false"
"267","267","Three letter senior consumer","8","5","1980-05-12 02:52:16","330.07","false"
"268","268","Exactly visit culture character","11","9","2017-12-02 20:06:29","159.38","false"
"269","269","Knowledge American lead radio","14","5","1976-05-12 21:25:53","66.95","false"
"270","270","Lay appear","30","4","1971-04-23 16:29:12","209.69","false"
"271","271","Science sometimes likely perhaps","25","1","1983-01-08 21:51:14","262.68","false"
"272","272","Nice writer here","14","9","1989-03-29 09:51:03","270.22","false"
"273","273","Discussion relate trip","19","4","2016-11-01 05:38:50","417.16","false"
"274","274","Listen social national resource black","15","4","1981-10-10 17:07:42","420.76","false"
"275","275","Within gun without attorney large","2","4","2003-04-23 18:06:15","101.93","false"
"276","276","Thank peace attack every can","29","5","1993-10-31 17:50:15","66.53","false"
"277","277","Me middle scientist whether interview","91","7","2018-04-15 13:52:49","35.21","false"
"278","278","Every visit expect","35","5","1982-02-20 16:41:06","27.14","false"
"279","279","Bag memory","17","3","2004-12-25 19:09:55","42.94","false"
"280","280","Research part eight","56","9","2014-04-19 23:37:42","119.04","false"
"281","281","Music fast picture through","49","2","1983-11-14 22:32:16","12.12","false"
"282","282","Court toward wear attack","13","10","1974-05-02 02:32:16","134.85","false"
"283","283","Million personal something pattern","26","4","1992-10-03 19:25:51","405.00","false"
"284","284","Cover campaign rate personal public","89","10","2015-02-26 01:28:00","333.60","false"
"285","285","Important everyone image camera","45","5","1973-08-22 19:50:43","296.58","false"
"286","286","Born share do million","86","6","2001-04-21 13:06:16","199.48","false"
"287","287","Approach hotel tax","43","9","1978-08-06 10:02:42","196.61","false"
"288","288","Hair sea three we","48","4","2021-10-19 03:59:17","127.16","false"
"289","289","Mean cost than grow","63","6","1993-05-01 12:12:42","459.33","false"
"290","290","To he spring","25","10","2019-08-11 10:56:51","114.50","false"
"291","291","Center room among security","36","9","1974-10-11 13:07:14","499.40","false"
"292","292","Too similar fine","77","6","1984-06-18 02:28:02","249.09","false"
"293","293","Country office owner","89","2","1980-06-05 12:35:38","413.44","false"
"294","294","Will wind perform push risk","39","1","2004-04-04 11:44:28","206.84","false"
"295","295","Natural common region","46","6","1979-08-28 05:36:00","177.17","false"
"296","296","Wind must","49","4","1975-02-11 07:49:42","176.38","false"
"297","297","Ever doctor daughter","53","6","1983-03-01 09:35:55","308.51","false"
"298","298","Soldier miss close","30","8","1990-10-16 14:53:15","184.13","false"
"299","299","Single dinner","74","5","1987-08-31 20:14:13","28.20","false"
"300","300","Always card without society high","3","9","1989-07-29 11:53:58","211.40","false"
"301","301","Run place","48","2","1995-08-25 13:18:30","183.18","false"
"302","302","Area effort nothing","67","7","1986-04-24 04:19:32","158.10","false"
"303","303","Those fear free avoid","41","3","2009-07-16 17:49:33","231.64","false"
"304","304","High new animal","76","6","1989-11-18 09:05:16","348.53","false"
"305","305","Process especially","55","3","1999-10-22 11:09:43","429.11","false"
"306","306","Board clearly worry","9","1","2020-12-08 22:52:04","80.52","false"
"307","307","Arrive next training college","17","2","1985-05-06 02:47:15","454.04","false"
"308","308","Trade child ball","22","7","1990-02-25 07:15:18","96.73","false"
"309","309","Forget involve spring continue baby","80","5","1991-10-17 00:13:01","19.95","false"
"310","310","Represent better","16","7","1982-12-21 05:56:44","41.50","false"
"311","311","Name conference","95","2","1981-06-23 01:21:41","323.15","false"
"312","312","Law ball edge yourself","12","2","2020-03-12 22:49:52","383.58","false"
"313","313","Keep move raise character","79","6","2020-04-21 20:41:08","55.29","false"
"314","314","Official anyone","1","7","2004-08-27 01:30:52","399.70","false"
"315","315","Peace professional interest provide","84","4","2021-06-25 20:00:22","82.43","false"
"316","316","Physical rule difficult very","47","4","1975-06-04 10:31:50","437.58","false"
"317","317","Him line decade most already","80","7","1987-04-18 01:39:11","231.27","false"
"318","318","Machine trip policy","56","10","2000-01-25 09:39:34","199.98","false"
"319","319","You music","79","8","1989-01-24 13:24:09","106.69","false"
"320","320","Car land more particularly medical","76","8","1980-03-12 16:11:35","385.88","false"
"321","321","Heavy something offer","6","10","2016-03-10 23:10:09","299.99","false"
"322","322","Apply great attorney","89","7","2002-11-10 15:18:50","7.52","false"
"323","323","Fire song","69","8","2013-10-19 19:56:21","284.89","false"
"324","324","Assume yeah there","4","10","1993-03-19 13:50:15","425.42","false"
"325","325","Economic effort necessary","0","1","2006-03-06 19:38:31","247.24","false"
"326","326","Production news kitchen common","16","10","1990-07-29 09:44:13","289.72","false"
"327","327","Remain yourself consider bad new","76","9","2015-07-02 06:30:17","317.18","false"
"328","328","How result hospital want","6","1","1979-12-31 23:10:45","193.93","false"
"329","329","Discover rest less begin","74","1","1973-09-24 18:48:16","123.44","false"
"330","330","Necessary rule","55","9","2008-01-02 05:12:25","28.27","false"
"331","331","Green send image","3","9","2020-09-11 08:11:35","143.23","false"
"332","332","Whole include","39","8","1974-06-03 06:34:44","284.68","false"
"333","333","Reflect say again life","26","3","1973-03-02 04:32:21","389.92","false"
"334","334","Until item throw","73","9","1977-07-22 13:53:14","76.13","false"
"335","335","Cup care house speak often","4","8","1971-06-14 07:37:42","36.65","false"
"336","336","Cultural grow song","97","2","2001-09-09 14:31:13","323.14","false"
"337","337","At new card size","70","3","1971-03-01 23:39:47","323.52","false"
"338","338","Visit couple","11","10","1985-11-29 05:20:24","215.17","false"
"339","339","Somebody short meet condition prove","30","7","1995-03-08 01:27:57","493.35","false"
"340","340","Much wish","91","2","2019-02-16 10:29:12","15.67","false"
"341","341","Learn who watch","92","5","1976-04-24 18:39:16","140.84","false"
"342","342","Example everybody cause","82","3","2013-05-01 05:09:52","462.33","false"
"343","343","Author list dinner would","84","7","1989-07-02 15:21:33","255.73","false"
"344","344","Learn meet","9","3","1993-12-15 20:40:17","453.19","false"
"345","345","American treatment value executive sport","56","4","1976-03-19 18:21:40","188.27","false"
"346","346","Size interesting development","95","9","1993-06-12 19:21:17","20.28","false"
"347","347","Huge different","29","4","1985-11-26 20:27:41","186.11","false"
"348","348","Country dream","17","4","1973-05-21 02:52:14","453.93","false"
"349","349","Serve week friend last","6","8","1972-07-09 22:30:40","433.73","false"
"350","350","Have on teach","20","2","2020-01-17 00:49:42","386.53","false"
"351","351","Lead half cut","50","2","1977-01-10 15:38:18","150.66","false"
"352","352","Total green increase","45","9","2001-02-08 16:32:51","275.89","false"
"353","353","Quickly policy agency","86","1","2001-03-13 19:49:06","361.06","false"
"354","354","Organization during sea","33","5","1973-09-06 09:00:28","95.14","false"
"355","355","Letter wife make control","29","1","1973-07-25 17:42:45","431.81","false"
"356","356","Together fall","73","1","2012-11-17 15:54:05","496.48","false"
"357","357","Pattern realize language notice","54","7","2009-08-04 23:13:00","461.10","false"
"358","358","Positive provide rather building","72","5","2016-05-29 22:55:54","500.89","false"
"359","359","Else concern","91","5","2001-01-09 19:06:55","91.58","false"
"360","360","Media against executive","0","9","1993-09-10 05:12:42","257.85","false"
"361","361","Chance ever blood","89","3","1981-08-16 18:30:13","497.87","false"
"362","362","Develop name skill","45","7","1983-03-29 08:30:11","283.95","false"
"363","363","Fly course TV","30","8","1981-10-04 13:45:01","259.27","false"
"364","364","Discussion bed employee","10","1","1974-05-16 06:21:55","400.91","false"
"365","365","Available fast machine around","76","9","2009-09-02 10:52:26","216.22","false"
"366","366","Protect how day bad audience","9","1","2009-01-05 21:27:26","497.01","false"
"367","367","Common work between reach","98","10","2015-02-10 05:53:42","62.77","false"
"368","368","Level drug bad industry ten","67","3","2009-02-18 16:01:36","183.26","false"
"369","369","Black various thank look","41","10","1984-07-13 19:07:48","181.36","false"
"370","370","Eight run bring either","44","5","2007-02-04 04:07:07","343.80","false"
"371","371","Activity day goal money would","3","7","1984-04-17 06:07:38","54.48","false"
"372","372","Growth work mother build learn","18","5","1985-11-29 20:22:08","308.37","false"
"373","373","Trade political morning account still","44","10","1982-07-21 21:48:43","388.67","false"
"374","374","Themselves occur pull let consumer","42","10","1982-06-20 07:36:02","285.60","false"
"375","375","Safe fight","41","3","1992-08-21 07:39:46","373.87","false"
"376","376","Life seat artist guy lay","50","7","2020-11-21 19:31:24","91.37","false"
"377","377","Factor seat hospital","82","1","2013-06-15 17:15:25","228.11","false"
"378","378","Or wear eye heavy","52","1","2000-09-09 23:43:54","15.14","false"
"379","379","Concern growth worry station rich","99","1","2004-04-11 14:20:33","383.40","false"
"380","380","Huge than admit reason item","91","3","2012-07-19 09:04:13","196.86","false"
"381","381","Fear student own","81","10","1983-12-14 02:22:33","469.24","false"
"382","382","Able mouth concern task","80","3","2016-08-14 00:06:56","201.92","false"
"383","383","Enough force whole run","78","6","2002-03-12 13:10:14","423.73","false"
"384","384","Member course thing technology","95","3","1985-03-31 01:04:23","70.43","false"
"385","385","Establish against finish man","15","9","2020-05-21 14:12:11","370.16","false"
"386","386","Series green put minute","18","4","2011-01-09 03:23:25","282.33","false"
"387","387","When soon soon","31","6","1982-12-18 01:03:30","80.27","false"
"388","388","Coach television","72","4","2015-04-20 02:29:35","38.53","false"
"389","389","Teach actually suggest suffer letter","32","7","1987-04-12 09:42:12","410.42","false"
"390","390","Story speech protect all","0","4","2013-09-09 04:34:08","50.89","false"
"391","391","Own there physical","11","2","2009-06-03 17:40:59","382.69","false"
"392","392","Exactly reflect best population learn","89","5","1985-08-19 17:49:37","28.01","false"
"393","393","Writer mother win","55","3","1990-11-22 19:16:17","377.20","false"
"394","394","I body","15","8","1994-08-17 21:25:00","100.35","false"
"395","395","Same find box","46","2","1994-01-30 16:58:08","162.18","false"
"396","396","Stock red religious wife","64","3","1999-03-11 02:32:29","351.21","false"
"397","397","Order physical word","35","2","2013-02-16 06:05:08","239.74","false"
"398","398","Much middle","82","7","2011-05-05 01:38:17","228.02","false"
"399","399","World listen possible argue draw","2","6","1980-02-06 08:25:29","19.84","false"
"400","400","Today cause","58","4","2002-12-30 03:46:58","176.36","false"
"401","401","Attention south hot","55","4","1991-05-20 22:10:31","37.48","false"
"402","402","Magazine miss itself","10","8","2022-06-26 01:27:50","366.65","false"
"403","403","Good message voice instead long","75","2","1991-08-15 04:43:24","447.90","false"
"404","404","Just I major budget evidence","75","5","2017-01-23 08:39:56","351.23","false"
"405","405","Side whole part indeed soon","10","8","1975-08-18 01:36:19","5.33","false"
"406","406","Professional expert section","36","5","1999-04-01 03:43:01","16.03","false"
"407","407","Nearly her expect majority","6","6","1992-10-16 01:23:49","289.33","false"
"408","408","Address reach free","40","10","2017-05-09 21:42:45","255.72","false"
"409","409","Support million treatment small","59","10","2017-07-06 15:15:38","467.65","false"
"410","410","Present mind but","17","1","2022-02-27 02:26:30","130.72","false"
"411","411","Short fly arrive cell","19","5","2022-03-03 00:34:17","55.08","false"
"412","412","Thousand style spend arm","84","10","1976-12-31 07:48:01","421.59","false"
"413","413","Similar board","91","9","1973-02-05 18:38:56","358.42","false"
"414","414","Evidence ask","15","8","1983-10-18 23:03:15","277.87","false"
"415","415","Picture hold","79","7","2021-07-11 20:37:16","329.95","false"
"416","416","No trade staff deal trial","45","8","2019-12-30 12:35:07","378.49","false"
"417","417","Certainly fear","51","5","1996-09-01 13:42:17","257.86","false"
"418","418","Certainly scene reality feel","6","3","1971-10-23 10:33:51","16.18","false"
"419","419","Thousand happen","55","3","1979-10-25 02:13:39","36.76","false"
"420","420","Brother close him","89","9","2003-04-28 17:32:22","397.08","false"
"421","421","Them collection want professional participant","30","1","1988-07-20 05:08:30","314.06","false"
"422","422","Do customer say much","57","9","2009-02-19 17:48:18","58.63","false"
"423","423","Reveal send learn","81","2","1970-11-17 12:03:40","120.14","false"
"424","424","Place voice prove","27","8","1996-09-06 13:04:32","314.90","false"
"425","425","Myself person large number keep","90","9","1996-04-12 12:28:43","349.30","false"
"426","426","Time brother","48","1","1983-08-30 23:30:39","198.90","false"
"427","427","Trade nation","64","10","2007-03-15 12:35:48","468.25","false"
"428","428","Itself thing","22","1","1983-03-22 03:18:37","283.44","false"
"429","429","Expect person","14","3","1973-08-08 12:36:29","350.67","false"
"430","430","Anything example upon course","3","3","2003-11-29 19:40:47","112.44","false"
"431","431","White green she cut ball","32","2","1984-12-30 02:11:19","365.73","false"
"432","432","Course throw view","84","6","2018-07-07 02:19:34","12.88","false"
"433","433","Seem can worry likely","9","3","1973-08-23 04:12:42","188.20","false"
"434","434","Order assume be","5","8","2011-01-16 16:48:00","381.68","false"
"435","435","Their dog institution arm catch","92","2","2022-09-10 09:40:14","48.51","false"
"436","436","Employee indeed think","7","8","1998-07-29 18:49:51","419.51","false"
"437","437","Think art green manage","39","8","1989-05-11 05:27:43","337.30","false"
"438","438","Process guy special probably letter","83","1","1981-09-19 23:27:14","38.53","false"
"439","439","Floor factor table walk lot","36","4","2010-09-13 13:23:06","13.55","false"
"440","440","Live health article society participant","50","6","2006-09-08 16:18:31","427.55","false"
"441","441","Rule realize old","43","8","2017-01-05 13:34:46","298.85","false"
"442","442","Pattern approach or keep difficult","85","4","1984-08-21 08:15:57","15.00","false"
"443","443","More magazine magazine","71","7","2019-07-04 14:07:57","278.51","false"
"444","444","Trial seat involve health reveal","62","7","2003-11-02 13:36:48","356.61","false"
"445","445","Dog site support half","75","8","2021-06-05 01:18:41","101.57","false"
"446","446","Few three training her","12","10","1988-11-18 06:26:02","351.06","false"
"447","447","Institution bed whether","69","6","1973-02-15 17:05:48","365.01","false"
"448","448","Political serve surface eight","48","4","1977-02-04 17:56:52","262.48","false"
"449","449","Rich although now","67","10","1977-04-20 09:01:54","389.44","false"
"450","450","Give spring whom writer","37","6","2018-02-01 16:57:09","473.51","false"
"451","451","Teach society red","66","4","1990-04-10 00:36:20","255.76","false"
"452","452","Travel nature drop sport","32","8","1985-09-13 02:48:39","186.09","false"
"453","453","Near message risk national","91","8","2014-12-04 11:45:57","399.49","false"
"454","454","Own boy","67","7","1991-02-18 14:52:58","447.75","false"
"455","455","Behind present do","94","4","1973-11-11 03:03:53","209.91","false"
"456","456","Maybe meet bit","56","9","2005-09-11 20:49:10","231.03","false"
"457","457","Speech best between","30","6","2007-02-28 08:29:52","266.79","false"
"458","458","Board let finish","31","3","1988-06-30 00:18:33","14.01","false"
"459","459","Real beyond need heavy","46","6","2010-01-19 03:12:04","203.24","false"
"460","460","Party eye describe I","49","4","2010-06-19 00:15:34","260.18","false"
"461","461","Answer other season","72","1","1979-04-15 22:23:37","192.06","false"
"462","462","Tonight great","90","9","1972-08-05 13:49:42","99.12","false"
"463","463","Drug draw low parent","90","6","2013-04-12 01:49:40","151.33","false"
"464","464","Where entire","52","3","2006-04-28 01:03:05","161.21","false"
"465","465","Serve war","32","10","1971-11-09 18:24:26","269.53","false"
"466","466","Artist tonight lawyer her number","92","7","1984-12-06 18:52:53","86.56","false"
"467","467","About factor example then","93","8","2022-01-16 23:00:14","196.71","false"
"468","468","Boy expert","24","1","1990-01-17 08:46:37","145.66","false"
"469","469","Themselves six none","73","5","1987-12-13 14:38:55","482.49","false"
"470","470","Part officer","91","10","1995-01-09 16:06:59","410.07","false"
"471","471","Range particular dog truth rock","55","6","1981-05-16 08:10:45","288.46","false"
"472","472","New full do generation","7","3","2011-08-23 21:43:44","358.09","false"
"473","473","Strategy law color base","4","4","2008-11-12 17:03:43","78.94","false"
"474","474","Short make week","55","10","2002-01-04 20:34:21","38.23","false"
"475","475","Second maybe new see","87","2","1977-08-24 01:44:11","242.80","false"
"476","476","You look fear page","69","4","1985-01-05 18:32:31","54.50","false"
"477","477","Author friend need fill","23","9","1974-01-26 00:43:18","464.83","false"
"478","478","Would range lot speech","96","4","2019-04-25 10:55:36","111.05","false"
"479","479","Imagine their plant put care","87","7","1973-06-22 08:22:53","431.38","false"
"480","480","Push price sure lose oil","58","7","2017-11-30 12:53:58","363.24","false"
"481","481","Heart strong threat pick decide","38","1","1989-08-22 01:03:06","323.36","false"
"482","482","Affect try economy change","79","6","1977-10-01 06:16:10","124.04","false"
"483","483","Guy only perhaps fish","52","8","1977-06-02 15:31:53","168.72","false"
"484","484","By every people now","49","4","1988-03-15 13:25:08","177.97","false"
"485","485","Produce force major their","0","1","1996-06-12 22:42:37","358.80","false"
"486","486","Window recent","59","2","1985-06-04 10:00:38","217.80","false"
"487","487","Voice to","40","9","2012-10-16 14:43:44","130.02","false"
"488","488","Phone might","10","2","2003-12-11 21:14:54","476.82","false"
"489","489","Machine look very campaign","51","4","1984-02-26 20:39:29","445.48","false"
"490","490","Place know","72","4","2010-11-12 03:22:41","416.35","false"
"491","491","Figure above","69","9","1978-11-02 00:39:54","493.60","false"
"492","492","Question human","31","7","1987-04-06 22:50:29","417.79","false"
"493","493","Create item off","58","2","1985-05-10 21:48:55","136.91","false"
"494","494","The industry a young","97","6","1987-04-29 21:04:48","5.37","false"
"495","495","Democratic sometimes","28","4","2003-05-17 00:43:41","146.31","false"
"496","496","Value bad go modern white","1","10","1995-02-28 22:17:39","148.11","false"
"497","497","Bit physical budget","4","5","1997-05-30 00:06:37","78.86","false"
"498","498","Another during","2","2","1995-03-22 04:24:19","312.73","false"
"499","499","List player popular","73","6","2011-09-10 00:08:43","475.23","false"
"500","500","Then yet fear event","19","9","1992-06-30 10:34:20","246.18","false"
"501","501","Economy season","61","6","1972-12-16 09:01:35","170.64","false"
"502","502","Part dream woman","71","10","2009-06-07 00:34:38","225.75","false"
"503","503","Realize move between simply","69","7","1982-10-13 17:43:38","397.58","false"
"504","504","Other conference check establish","45","7","1994-08-02 01:08:53","96.63","false"
"505","505","Activity stay","13","8","1982-08-30 16:35:14","178.60","false"
"506","506","Collection attention hand","30","3","1983-07-11 05:58:51","127.44","false"
"507","507","Apply interest recognize","16","7","1990-11-03 00:42:26","161.34","false"
"508","508","Hair live green turn","15","3","2011-04-13 23:16:33","178.46","false"
"509","509","Especially ten interview","98","8","1980-10-11 10:42:23","422.98","false"
"510","510","Step attorney","82","7","2004-09-09 01:46:23","291.73","false"
"511","511","Environmental weight increase","75","1","1989-11-18 18:51:00","143.36","false"
"512","512","Blue everything level against","47","5","1972-11-13 09:42:06","302.42","false"
"513","513","All speech boy indicate","96","9","2019-07-10 23:07:18","73.38","false"
"514","514","Stuff participant total","91","7","2013-06-27 22:18:04","113.19","false"
"515","515","Tree this great nature","64","3","2015-10-24 11:56:56","204.97","false"
"516","516","Hot must evening positive","63","10","1974-12-20 06:13:09","179.77","false"
"517","517","Lose begin rule","54","5","1997-04-18 09:51:34","99.49","false"
"518","518","Every nearly","35","8","1972-09-20 04:04:19","450.42","false"
"519","519","Look bank type wind window","12","5","1991-02-13 05:01:17","309.90","false"
"520","520","Theory both reduce change son","61","7","1973-05-07 00:12:34","315.66","false"
"521","521","There certain full east","80","1","1973-08-11 09:38:17","489.96","false"
"522","522","Both state purpose once just","5","6","1995-09-21 19:12:44","475.60","false"
"523","523","Sport especially summer degree","92","5","2000-07-01 19:23:54","116.63","false"
"524","524","Wall lose country human window","69","1","1976-03-20 11:24:08","494.69","false"
"525","525","Law and outside present","70","7","2002-03-06 06:45:19","309.52","false"
"526","526","Put total inside","93","2","2017-12-23 15:45:08","262.74","false"
"527","527","Fill against result","61","9","1973-03-03 09:17:51","411.64","false"
"528","528","Car although kind order","19","2","1979-09-18 14:53:31","150.58","false"
"529","529","Lay outside price","90","3","1989-06-13 05:28:13","202.64","false"
"530","530","Edge next program understand attention","34","6","2015-10-29 12:55:39","220.16","false"
"531","531","She start","30","10","2007-02-18 23:12:27","25.59","false"
"532","532","Few he represent music","70","1","1973-02-21 15:12:12","118.23","false"
"533","533","Under something","13","9","2015-03-19 17:45:49","77.21","false"
"534","534","Beautiful tonight","61","6","1996-02-06 11:29:37","432.53","false"
"535","535","Increase safe reveal","39","8","1997-06-07 09:49:36","334.21","false"
"536","536","This head foreign hit skill","32","6","1992-09-29 16:18:33","355.18","false"
"537","537","Guy follow society father","80","9","1994-03-23 12:13:03","291.68","false"
"538","538","Ten if none usually","96","6","2015-09-02 13:34:14","302.32","false"
"539","539","Provide lot","32","10","1982-03-04 19:04:51","445.29","false"
"540","540","Face be nothing","46","5","2001-11-27 11:52:30","162.83","false"
"541","541","Admit other","57","1","1974-08-16 02:50:59","435.47","false"
"542","542","Animal phone shake billion","26","7","1982-06-04 12:20:04","459.17","false"
"543","543","Agent account stage","78","5","2017-02-15 10:44:22","105.24","false"
"544","544","Participant choice collection","81","2","1973-04-30 01:25:03","190.09","false"
"545","545","Week crime body property","61","2","2007-10-09 02:39:38","22.34","false"
"546","546","Card cultural nothing spring","2","8","1997-09-30 19:17:51","317.44","false"
"547","547","Attorney huge those traditional hear","61","3","1971-01-06 21:58:46","26.73","false"
"548","548","Not yeah wall discuss","10","9","2018-09-24 10:25:36","181.99","false"
"549","549","Manager last","35","9","1995-05-12 03:15:18","397.94","false"
"550","550","Company artist free if","19","2","2012-06-21 23:35:05","48.52","false"
"551","551","Now fill manage","29","10","1987-04-30 07:17:28","391.94","false"
"552","552","Behind near student","54","3","1972-06-16 09:04:13","70.43","false"
"553","553","Work professional economy number present","31","2","2018-09-24 01:05:53","18.17","false"
"554","554","In just light","92","10","1995-11-08 17:19:21","302.68","false"
"555","555","Daughter any color budget lay","60","1","2021-08-11 07:45:47","165.17","false"
"556","556","Real use particularly Congress","18","7","2021-12-31 05:10:20","106.29","false"
"557","557","Himself between identify black section","16","2","2015-01-20 08:55:53","241.93","false"
"558","558","Fund face fly behavior","35","1","1970-03-20 18:16:24","105.92","false"
"559","559","Quite senior attack class","69","6","1999-02-20 22:09:00","466.82","false"
"560","560","Country two note draw whole","12","10","2020-02-14 03:46:41","366.09","false"
"561","561","Charge wrong blue see","96","5","2006-08-02 16:59:26","117.20","false"
"562","562","Something space store party","18","1","1989-04-09 01:54:04","425.17","false"
"563","563","International born defense word","75","2","1990-03-29 03:56:50","393.63","false"
"564","564","Building assume not TV","36","1","2008-12-16 06:46:44","265.58","false"
"565","565","Performance human those growth yes","25","5","1999-03-22 04:35:55","454.13","false"
"566","566","Despite develop many","53","4","1982-02-23 19:49:09","233.81","false"
"567","567","Already these growth never machine","82","5","1971-05-10 17:13:48","348.89","false"
"568","568","Marriage teach","97","8","2000-10-15 10:33:08","77.17","false"
"569","569","Difficult environmental defense","19","5","1993-02-15 09:51:36","345.62","false"
"570","570","Book machine indeed only","5","4","2002-05-29 04:50:46","167.73","false"
"571","571","Best eye Congress","36","3","1981-07-04 03:00:53","370.49","false"
"572","572","Offer step common value","86","4","2001-10-22 22:52:16","249.26","false"
"573","573","Science property","70","7","1973-07-09 07:17:29","217.64","false"
"574","574","Any report","81","10","1992-10-28 04:42:44","142.98","false"
"575","575","Century behavior early friend","17","1","1975-12-15 20:54:07","239.86","false"
"576","576","White from from sense","39","6","1982-12-26 03:53:57","290.80","false"
"577","577","Sound charge development","0","2","1975-07-16 23:30:18","466.73","false"
"578","578","Movement step idea leave political","65","1","1991-12-20 11:40:49","164.10","false"
"579","579","Dark prove recognize step","8","4","1996-11-25 19:47:04","187.05","false"
"580","580","Factor within trouble","57","10","2004-08-12 15:03:28","207.65","false"
"581","581","Black represent wall","54","6","1979-05-27 06:00:54","422.15","false"
"582","582","Tree street","82","8","2010-10-10 02:10:19","263.35","false"
"583","583","Debate Republican common everybody","18","6","1982-04-26 17:37:37","158.26","false"
"584","584","American sing individual","22","9","1974-07-20 22:32:30","94.13","false"
"585","585","Century professional debate they","1","8","2007-07-18 06:16:06","474.15","false"
"586","586","Beyond glass half","93","2","1978-04-14 04:00:12","252.53","false"
"587","587","On nor almost you","28","5","2020-04-09 02:56:52","277.99","false"
"588","588","Respond issue","85","2","1979-06-29 14:55:41","452.32","false"
"589","589","View clearly past such","7","3","1972-12-03 23:10:41","361.01","false"
"590","590","Try nothing trade","8","7","1984-04-03 09:03:50","115.51","false"
"591","591","Subject majority","16","3","2005-07-08 06:10:03","81.17","false"
"592","592","Million try affect","81","10","2020-07-20 01:42:36","414.17","false"
"593","593","Into perhaps table year","26","8","2004-08-20 02:43:30","272.50","false"
"594","594","Choose foot","90","4","1984-09-30 10:44:41","68.38","false"
"595","595","Wide career charge rest game","19","1","2019-12-18 09:35:37","245.99","false"
"596","596","Report ever bed true on","84","6","2007-05-27 14:24:47","329.91","false"
"597","597","Price reason","83","7","1972-09-05 21:12:44","497.68","false"
"598","598","Appear why","19","7","1971-02-18 07:59:47","357.84","false"
"599","599","Itself tell laugh certainly","34","4","2017-03-16 04:22:56","356.56","false"
"600","600","So time require theory","50","6","1976-12-16 22:58:10","266.74","false"
"601","601","Entire always","19","8","1985-09-21 23:38:43","355.42","false"
"602","602","Enjoy to win","31","9","2008-03-01 07:05:52","390.24","false"
"603","603","Positive catch police never never","48","9","1979-07-24 11:43:48","306.69","false"
"604","604","Shoulder though go","85","9","1987-08-12 12:48:10","408.23","false"
"605","605","Mr station official major begin","55","7","1994-01-15 19:01:17","43.35","false"
"606","606","Great fish school","50","3","2010-01-02 02:14:11","17.17","false"
"607","607","View simply though goal identify","23","1","1995-11-25 12:16:53","425.59","false"
"608","608","Move writer reason cut","23","10","1978-11-30 08:22:22","73.40","false"
"609","609","Pressure beautiful skin occur forward","35","6","2019-11-13 04:15:57","129.26","false"
"610","610","First bank cost","96","7","1996-06-22 08:07:22","376.68","false"
"611","611","Himself wonder fear","77","5","2007-06-27 06:38:01","132.18","false"
"612","612","Discuss particularly truth bad","73","4","2005-04-08 03:29:08","265.30","false"
"613","613","Create remember","51","7","2005-05-19 15:32:34","478.24","false"
"614","614","Career country science forward","65","8","2012-11-01 15:42:28","444.96","false"
"615","615","Stop skin some","92","1","2021-02-06 12:21:00","260.47","false"
"616","616","Argue compare discuss turn measure","64","10","1987-10-07 23:43:07","252.44","false"
"617","617","Deep country old mission","87","1","2014-09-22 22:56:49","201.13","false"
"618","618","Policy single successful","90","2","1980-08-24 23:59:53","312.75","false"
"619","619","Relate mind table discuss","46","2","1987-04-24 01:36:29","19.87","false"
"620","620","Will offer leader street","2","7","2023-11-02 22:47:34","182.08","false"
"621","621","Particular despite","26","1","2000-07-14 21:51:50","497.18","false"
"622","622","Thousand drop now","6","9","2012-09-04 10:49:23","337.94","false"
"623","623","Black thousand your","2","10","2016-04-29 21:01:46","177.01","false"
"624","624","Role hold personal large ago","31","7","1973-02-20 00:21:32","62.80","false"
"625","625","Guess former hotel","92","9","2004-02-10 00:25:15","244.37","false"
"626","626","Executive you ball explain","15","8","1994-02-21 21:26:09","458.13","false"
"627","627","Call describe left deep","69","9","2015-02-05 07:02:01","446.92","false"
"628","628","Not politics civil decision everything","60","10","1980-03-02 00:35:14","297.60","false"
"629","629","Reason against author","13","9","1975-02-08 06:00:07","28.63","false"
"630","630","Travel player Republican edge travel","13","3","1970-08-28 12:58:06","247.94","false"
"631","631","Others start cold","59","9","1972-01-19 14:46:36","315.05","false"
"632","632","About bag office","31","3","2001-06-30 14:21:49","329.03","false"
"633","633","Night individual live show","54","1","1991-06-09 15:44:56","469.23","false"
"634","634","Police usually coach draw","5","6","2010-02-22 14:49:13","34.01","false"
"635","635","Growth serve son","5","10","2001-01-22 13:56:54","265.25","false"
"636","636","Light ahead international","5","1","2016-11-27 17:07:35","165.19","false"
"637","637","Prepare build great","98","3","1977-05-19 23:05:46","178.27","false"
"638","638","Everything foot service","28","5","2005-08-19 05:39:46","304.01","false"
"639","639","Beautiful cause","80","4","1989-10-27 17:18:21","278.39","false"
"640","640","Everyone exactly","54","7","2003-06-18 15:33:08","126.06","false"
"641","641","Memory condition","74","1","1974-05-05 10:07:36","19.29","false"
"642","642","Bag enjoy life","73","7","1981-01-24 02:25:57","410.30","false"
"643","643","Tree team magazine","10","1","2008-01-04 16:04:19","200.14","false"
"644","644","Board single look","68","8","1988-09-18 14:52:54","52.03","false"
"645","645","Positive moment save","60","3","1979-07-31 13:25:32","168.46","false"
"646","646","Dream rock","90","5","2004-08-10 19:34:42","462.65","false"
"647","647","Manager international dream assume sister","29","3","2011-01-31 00:42:26","85.24","false"
"648","648","Peace fact radio gun","66","4","2014-08-16 23:16:15","176.12","false"
"649","649","Gun back spring single","45","5","1989-04-15 16:15:14","339.29","false"
"650","650","My others majority","81","4","1988-11-05 21:47:49","318.12","false"
"651","651","Society store control","12","4","1994-03-08 05:31:49","260.15","false"
"652","652","Fight test forward writer","53","8","2006-03-22 04:24:04","252.19","false"
"653","653","Dinner age","29","5","1992-05-30 16:01:37","370.39","false"
"654","654","Push there","59","6","2012-03-14 21:24:15","334.96","false"
"655","655","Of community so similar","45","3","2005-10-30 08:23:33","472.24","false"
"656","656","Indicate professor example","62","3","2017-12-17 22:27:23","151.90","false"
"657","657","Before music report pull water","12","3","2012-02-16 19:20:49","490.14","false"
"658","658","Thousand the","65","6","2005-10-11 12:46:33","183.47","false"
"659","659","Third to","0","5","1970-04-06 19:53:50","146.27","false"
"660","660","Power practice free","14","2","1999-02-01 17:28:22","199.39","false"
"661","661","Without laugh hit","37","3","2009-04-26 05:32:42","425.84","false"
"662","662","History factor must be green","30","6","2011-02-15 13:26:15","51.74","false"
"663","663","Evidence stay account whatever skill","12","10","2005-08-16 01:42:39","424.99","false"
"664","664","My laugh will","97","8","2019-04-22 04:47:24","431.76","false"
"665","665","Skill protect","29","6","2009-02-28 15:08:40","489.39","false"
"666","666","Mother town","83","2","2014-07-17 03:55:51","496.44","false"
"667","667","Piece discuss","30","9","2011-09-22 22:08:19","423.51","false"
"668","668","Own yourself form","92","1","2015-06-21 18:42:40","220.45","false"
"669","669","Side relate","25","5","2007-12-23 22:23:39","474.14","false"
"670","670","Well news instead","99","3","1983-11-22 23:04:07","29.66","false"
"671","671","Win end instead oil","21","9","2011-06-21 09:13:55","279.61","false"
"672","672","Movement take book","94","10","2020-10-27 15:59:48","180.30","false"
"673","673","Result deal people could","42","10","1984-02-03 13:05:20","376.21","false"
"674","674","Owner force rise answer bring","82","2","2012-02-22 11:30:38","466.81","false"
"675","675","Late the common war law","80","5","1983-12-05 03:27:44","269.45","false"
"676","676","Option throw amount","2","7","1979-03-15 18:18:55","22.53","false"
"677","677","Remember player ability","23","3","1986-08-22 12:36:11","90.88","false"
"678","678","Build know TV expert strategy","94","1","2014-05-15 13:04:25","191.24","false"
"679","679","President can wall walk","41","7","1995-03-15 10:33:55","447.77","false"
"680","680","Throughout street actually tough","85","9","2017-05-06 05:41:46","118.86","false"
"681","681","Produce carry","69","5","1974-12-23 05:51:02","411.50","false"
"682","682","Industry pick watch try","65","7","2006-03-03 15:35:46","189.45","false"
"683","683","Speak space personal buy vote","13","5","2010-12-12 20:50:33","116.33","false"
"684","684","Author through above hit","30","1","1977-04-06 00:15:40","494.91","false"
"685","685","View imagine first","83","4","2008-01-01 08:17:46","217.30","false"
"686","686","Capital camera town","65","2","1996-05-20 23:11:18","293.80","false"
"687","687","Those policy strategy","17","7","2022-01-05 19:32:53","320.68","false"
"688","688","Us service relationship","95","6","2021-07-27 12:02:17","96.31","false"
"689","689","Artist little","24","6","1986-08-24 11:40:21","40.20","false"
"690","690","Hard knowledge record","60","4","2010-11-27 06:38:43","342.93","false"
"691","691","Realize view recent back","99","4","2002-10-18 00:16:28","32.59","false"
"692","692","On local very although leave","84","7","1970-04-13 18:16:16","138.99","false"
"693","693","Set fight two class","35","8","2000-12-13 08:51:31","54.96","false"
"694","694","Rest top then structure","68","5","2003-12-24 00:55:09","332.98","false"
"695","695","Agent collection decade","62","3","1988-02-11 20:49:29","340.25","false"
"696","696","Indicate leg","39","5","1999-06-06 00:48:50","204.29","false"
"697","697","Toward color explain strong office","54","7","1997-12-24 22:35:23","141.00","false"
"698","698","Memory she become","39","10","2005-03-12 03:35:51","54.05","false"
"699","699","Through home partner","91","10","1973-12-24 03:52:30","112.79","false"
"700","700","Sense relationship","30","8","2010-10-19 00:48:38","6.09","false"
"701","701","Go boy education cost","37","5","1991-01-07 03:09:57","125.08","false"
"702","702","Ask movie oil","47","3","2007-05-06 15:56:05","394.79","false"
"703","703","Become movement six artist","54","10","2006-07-04 03:29:18","165.81","false"
"704","704","Owner group process","54","8","1982-09-04 04:36:00","135.99","false"
"705","705","Again experience pressure","59","3","2007-01-25 15:59:21","41.70","false"
"706","706","Hope establish toward","15","8","2014-08-31 19:29:43","479.63","false"
"707","707","Treatment prepare low","36","4","2002-10-13 03:10:39","402.17","false"
"708","708","Huge seek whole follow","52","8","1998-05-21 16:28:38","162.69","false"
"709","709","Process catch dark","39","7","1970-08-25 14:53:27","5.86","false"
"710","710","Bring maintain south","64","2","2014-04-04 03:47:31","277.03","false"
"711","711","Pattern PM several sometimes","11","5","1987-06-29 19:12:37","6.88","false"
"712","712","Party recently","76","6","1982-10-02 01:42:06","104.47","false"
"713","713","Easy environmental time","57","8","2010-12-27 04:55:16","57.46","false"
"714","714","Training trip thing prove likely","11","7","1984-07-18 01:56:53","409.57","false"
"715","715","Group example","36","8","2011-07-07 08:56:20","306.23","false"
"716","716","Far college early student","56","8","2022-10-07 15:41:54","98.58","false"
"717","717","Behind cold second thought affect","55","3","2008-05-14 08:57:59","355.02","false"
"718","718","Article rich often","34","9","2018-05-24 03:18:51","397.29","false"
"719","719","Score relate care","37","7","1997-05-25 20:23:49","47.30","false"
"720","720","Television measure word","64","7","1972-12-17 19:18:46","118.81","false"
"721","721","Our today camera statement","81","8","1993-06-30 08:08:48","49.47","false"
"722","722","Week inside firm sea","9","4","2014-05-03 16:34:54","78.97","false"
"723","723","Goal idea same","9","5","1972-06-21 21:30:52","359.62","false"
"724","724","Pay keep fight","53","1","1981-12-17 17:58:35","469.67","false"
"725","725","Make bank mean","79","8","2023-09-05 04:49:55","4.78","false"
"726","726","Teach large","51","6","1998-05-17 14:59:49","461.51","false"
"727","727","Interest although candidate some","24","1","2013-12-28 09:57:24","28.74","false"
"728","728","Marriage speech agreement","30","7","1970-05-25 20:23:20","117.26","false"
"729","729","Dark how citizen whatever professor","84","4","1986-01-23 13:19:23","125.84","false"
"730","730","Season himself cost down piece","38","9","2018-01-09 14:41:33","50.41","false"
"731","731","Find simply","53","6","1993-03-31 17:49:35","349.16","false"
"732","732","Man thank ever","47","4","2010-10-25 10:40:19","173.03","false"
"733","733","Result care seem join","14","7","1979-05-02 19:04:19","484.22","false"
"734","734","Leader three stay employee","79","4","1977-10-15 14:40:44","154.68","false"
"735","735","West report account","33","5","1981-01-27 21:50:03","140.91","false"
"736","736","Painting budget Congress care","39","3","1980-02-14 22:47:12","88.47","false"
"737","737","Door middle","24","4","1995-10-22 01:45:43","343.43","false"
"738","738","Tonight act base suddenly","0","4","2010-04-27 05:13:08","446.97","false"
"739","739","Check personal book final","94","2","2004-01-16 15:30:59","427.16","false"
"740","740","Practice win","5","3","1997-06-21 22:46:02","473.46","false"
"741","741","Green fish then thing power","27","7","2015-12-02 13:44:38","432.90","false"
"742","742","Light cause matter process","17","6","2007-04-27 14:55:05","226.39","false"
"743","743","Any seven maintain","20","8","1999-11-17 22:19:23","471.16","false"
"744","744","Rise follow speak","19","10","1997-11-22 03:10:43","158.22","false"
"745","745","National success challenge","5","1","2023-04-20 17:16:15","196.80","false"
"746","746","Dinner tough doctor use purpose","52","1","1988-01-02 11:43:28","222.59","false"
"747","747","Finish by treat","4","10","1997-06-24 22:56:36","86.41","false"
"748","748","Score through claim","34","9","2015-03-17 05:18:37","89.30","false"
"749","749","Large leave","48","10","1970-06-24 04:37:56","114.56","false"
"750","750","Capital enter themselves size","38","3","1972-11-17 16:38:29","233.94","false"
"751","751","Role sound court","71","4","1997-09-03 21:30:07","355.43","false"
"752","752","Red part scene early","61","1","2004-06-26 17:39:38","109.28","false"
"753","753","Keep life pressure interview around","20","4","2004-05-18 17:31:24","281.12","false"
"754","754","Director Democrat","36","6","2004-01-11 10:44:28","462.05","false"
"755","755","Deal great head once","27","2","1999-07-23 19:22:41","384.92","false"
"756","756","For west goal","94","9","1991-10-29 00:30:51","460.64","false"
"757","757","Interest analysis four leader","69","5","1971-01-11 15:15:16","476.93","false"
"758","758","Resource build cut","7","9","2001-01-30 14:57:40","479.46","false"
"759","759","Skin but large job financial","33","5","1987-01-04 08:27:36","208.74","false"
"760","760","Nothing maintain anything","85","7","2020-05-14 00:03:46","419.26","false"
"761","761","Pick edge pass dinner","1","9","1997-01-26 03:02:05","230.58","false"
"762","762","Past operation where task dog","95","4","1979-10-22 04:51:59","456.16","false"
"763","763","Draw population north","60","4","2002-02-11 01:42:18","77.47","false"
"764","764","Shake clear all","49","1","2009-02-01 11:58:10","384.46","false"
"765","765","Go able","5","2","2005-11-22 16:43:10","471.04","false"
"766","766","Ground shake","43","5","1977-08-15 08:02:35","164.14","false"
"767","767","Hope old stand laugh war","13","9","1973-10-08 23:21:56","195.59","false"
"768","768","Might point mother decade me","72","5","2013-11-21 17:39:38","87.42","false"
"769","769","Who general there","27","3","1976-09-13 03:01:14","407.04","false"
"770","770","Head son service","5","9","1995-08-01 08:57:55","283.20","false"
"771","771","Property against bed","35","6","2007-12-05 19:34:47","288.64","false"
"772","772","Grow second current sell","86","4","1971-02-25 09:44:10","74.51","false"
"773","773","Instead account street probably","95","1","1981-08-16 14:21:49","101.44","false"
"774","774","Stand door thus develop","44","5","1978-12-20 01:04:55","293.56","false"
"775","775","Star mean society product","41","5","1976-12-20 06:28:20","478.69","false"
"776","776","Health series audience group true","78","6","2022-10-07 07:56:06","336.63","false"
"777","777","What concern challenge","56","8","1986-11-06 00:29:14","478.45","false"
"778","778","Compare movie","26","4","1995-02-05 15:45:37","324.42","false"
"779","779","Sea me out","14","9","2021-08-11 15:26:50","26.58","false"
"780","780","Trade effect course begin","94","4","1983-08-22 15:42:20","478.54","false"
"781","781","Travel its stop","60","9","2000-09-12 16:16:48","488.07","false"
"782","782","Art edge","96","10","2023-06-28 10:08:03","211.90","false"
"783","783","Seem happen although heart cause","73","10","1996-06-22 09:27:25","376.50","false"
"784","784","Open look","7","1","2021-07-02 21:42:19","483.91","false"
"785","785","Add exactly show","30","9","1976-03-21 00:19:53","486.46","false"
"786","786","Eye unit peace hotel car","37","1","1994-10-02 04:46:24","444.37","false"
"787","787","Since election friend nice","32","2","1975-03-04 16:54:41","360.23","false"
"788","788","Them culture box","36","2","2001-01-29 08:01:51","36.32","false"
"789","789","Season fill detail","84","10","1974-02-23 06:23:13","14.53","false"
"790","790","Chance church clear final writer","10","3","2002-02-21 04:27:42","441.15","false"
"791","791","Expert early million decade trade","30","2","2022-05-28 08:07:12","430.42","false"
"792","792","Political movie lose mother","96","8","1975-06-11 04:50:21","485.53","false"
"793","793","Song knowledge","47","7","1984-04-18 09:05:55","153.66","false"
"794","794","Future prevent rule story","85","1","2011-06-03 14:21:27","213.39","false"
"795","795","Food land level free point","16","9","1999-01-21 08:25:19","350.23","false"
"796","796","Effect adult sport","97","6","2013-03-16 22:38:09","320.79","false"
"797","797","High stock husband thank","20","5","1996-09-21 17:42:15","41.27","false"
"798","798","Mind or picture draw","33","6","1988-07-12 16:09:34","348.79","false"
"799","799","Institution half interest include article","81","6","1999-05-23 02:04:23","63.16","false"
"800","800","Before throughout agent","51","8","1992-01-12 02:53:16","123.23","false"
"801","801","Purpose I read big suddenly","65","3","2022-10-08 23:48:48","234.35","false"
"802","802","Box western board","11","6","2018-02-21 10:31:51","488.58","false"
"803","803","Energy actually son listen federal","31","4","1992-07-06 21:03:31","439.66","false"
"804","804","Agency although ball study dog","10","7","1975-09-17 00:38:50","172.12","false"
"805","805","Part interesting charge","46","4","1970-04-07 17:01:41","114.58","false"
"806","806","Mention everything third project","47","5","1998-06-07 23:37:19","230.83","false"
"807","807","Pass other yes","22","4","2003-08-09 01:27:18","99.21","false"
"808","808","Sell throw throw stage bank","88","10","1990-04-26 03:14:38","287.10","false"
"809","809","Rich discussion","30","7","2016-01-02 12:57:33","464.96","false"
"810","810","Challenge wrong own relate","53","3","1995-02-09 04:18:23","419.53","false"
"811","811","So hospital choice anyone","60","9","1976-10-10 02:16:03","160.97","false"
"812","812","Build pull expect party","38","6","1998-12-06 08:08:41","375.96","false"
"813","813","International where ready read","23","9","2006-03-04 00:30:08","342.28","false"
"814","814","Man single foot college","75","10","2011-07-01 15:17:43","82.97","false"
"815","815","Early civil series material","30","6","1992-03-18 17:51:16","432.34","false"
"816","816","Senior some","26","2","1977-02-10 04:50:37","107.71","false"
"817","817","Scene key","38","3","1986-09-26 02:57:59","438.44","false"
"818","818","Science defense","52","1","1990-10-08 07:07:28","454.66","false"
"819","819","Other girl fear","64","7","1990-05-12 22:34:28","393.24","false"
"820","820","Spring thus animal although","53","8","1975-01-04 10:43:12","203.07","false"
"821","821","Whole lawyer daughter","12","1","2021-01-16 04:17:13","428.79","false"
"822","822","Difference media","44","6","1982-07-07 02:32:59","239.61","false"
"823","823","Agent sea particular","66","7","1989-10-17 11:45:13","234.73","false"
"824","824","Behind item since newspaper include","35","4","2020-01-23 22:45:38","369.01","false"
"825","825","Thing general any task","31","1","1975-06-23 19:36:55","276.60","false"
"826","826","Owner pick","36","8","1970-11-11 00:04:46","450.62","false"
"827","827","Religious response","49","1","1993-02-15 12:47:54","23.35","false"
"828","828","Will tend discover notice","25","7","1989-03-25 22:37:17","422.54","false"
"829","829","Place democratic eight","10","5","1992-04-30 11:26:58","138.11","false"
"830","830","Drive management physical","67","1","2017-09-30 06:25:37","414.11","false"
"831","831","Cold short campaign including data","42","10","2002-02-14 07:01:05","275.22","false"
"832","832","Six college suggest information","7","1","2007-10-12 05:27:32","351.27","false"
"833","833","Let check significant","93","2","2007-01-20 14:35:24","263.32","false"
"834","834","Increase Congress least","51","9","2006-07-03 04:37:29","195.90","false"
"835","835","Reason sea thank","53","2","1998-10-08 04:35:38","324.72","false"
"836","836","Newspaper finish president page","48","1","2023-06-23 13:13:00","139.88","false"
"837","837","Just magazine single which","48","9","2015-01-10 23:14:04","167.49","false"
"838","838","Night involve","69","4","2021-07-05 11:37:37","293.06","false"
"839","839","Why performance way task","39","8","1997-10-27 17:20:30","487.55","false"
"840","840","Light I have six","77","10","2000-07-17 11:20:52","205.44","false"
"841","841","Professional pattern significant","19","2","1980-04-04 08:11:08","482.59","false"
"842","842","Arm staff like reason","73","10","2021-10-17 10:13:08","104.75","false"
"843","843","Whose whether she gas mean","11","3","2003-11-23 22:34:24","19.76","false"
"844","844","Century table place study","31","8","1980-02-19 23:10:18","6.56","false"
"845","845","Could bar lead experience","88","8","2011-03-15 13:13:53","132.55","false"
"846","846","Degree music investment election hear","54","10","2004-12-12 17:28:11","41.15","false"
"847","847","With for others possible","36","8","1981-04-26 21:09:10","137.79","false"
"848","848","Never wide prepare own","17","7","1991-09-17 22:24:26","158.21","false"
"849","849","Instead across","33","10","2000-01-01 12:10:47","1.44","false"
"850","850","Ahead firm","11","8","2021-04-03 10:55:57","264.84","false"
"851","851","Understand work glass reflect none","70","4","2000-09-05 18:48:20","280.62","false"
"852","852","Act often","32","6","2008-04-27 05:51:09","192.53","false"
"853","853","Difference interest PM next","71","6","1978-07-07 14:10:58","231.90","false"
"854","854","Several front yourself serve general","1","4","1993-04-30 03:19:06","227.42","false"
"855","855","Glass few ok thousand","83","2","2023-10-29 21:41:44","109.17","false"
"856","856","Huge even eat ability believe","79","5","1993-09-21 02:11:56","354.38","false"
"857","857","Radio outside yet","80","6","2000-06-11 11:12:58","275.26","false"
"858","858","How suffer me","22","10","1971-07-03 19:16:19","162.61","false"
"859","859","Heart successful poor later","89","9","1976-11-19 17:27:33","195.44","false"
"860","860","Language member prepare morning","23","3","1995-08-21 10:06:36","448.63","false"
"861","861","Parent role party","97","2","2001-07-30 20:29:28","75.45","false"
"862","862","Purpose green","59","2","2013-09-10 19:11:40","96.51","false"
"863","863","Trip Mr information","36","8","1977-05-24 16:32:08","123.24","false"
"864","864","Necessary real single mother apply","86","6","2020-02-08 20:54:29","342.08","false"
"865","865","Cover course race road","48","10","2007-12-31 10:20:20","449.37","false"
"866","866","After head project discussion","82","3","1991-05-16 03:08:40","329.29","false"
"867","867","Street number pull mother","29","9","1992-12-07 09:19:36","309.40","false"
"868","868","Clear change manage or","74","3","1976-04-30 23:47:39","135.58","false"
"869","869","It sort fall camera situation","2","6","1985-09-04 09:48:46","145.39","false"
"870","870","Become situation perform","6","6","2013-09-09 13:40:25","484.95","false"
"871","871","Commercial building plant apply","62","2","1995-11-29 04:47:24","350.26","false"
"872","872","Prove not learn","91","9","1978-03-05 13:50:43","268.38","false"
"873","873","While remain health","12","5","1973-02-18 02:26:25","58.92","false"
"874","874","Relate send","34","1","2023-01-06 07:20:21","8.71","false"
"875","875","Tend hit","30","10","1971-07-03 05:35:11","72.26","false"
"876","876","Start admit sea style","35","4","2004-12-04 12:05:28","458.86","false"
"877","877","Voice word friend friend","57","2","2000-09-20 07:16:13","257.73","false"
"878","878","Both picture one have","36","1","1981-11-30 18:34:54","25.47","false"
"879","879","Answer music return interest wind","42","7","2007-05-05 13:39:36","449.78","false"
"880","880","Skin dog who","63","3","1999-01-19 13:24:49","65.00","false"
"881","881","Quite player world particular","47","10","2020-10-04 10:40:22","355.84","false"
"882","882","Successful born program contain camera","74","3","2002-04-24 00:07:22","308.51","false"
"883","883","Break southern","59","10","1972-03-16 05:43:03","165.83","false"
"884","884","Seat last shoulder where exactly","18","5","1971-11-22 00:21:27","404.15","false"
"885","885","Size both buy","41","3","1997-04-21 20:19:15","326.73","false"
"886","886","Close individual popular","1","8","1973-08-01 15:08:26","327.05","false"
"887","887","Those air","19","6","2008-03-09 04:24:21","410.24","false"
"888","888","Street before ago","33","10","1980-12-28 19:29:23","417.03","false"
"889","889","Prepare stand director outside food","88","9","1973-09-23 06:50:52","213.62","false"
"890","890","Huge exist always special agency","88","4","1983-12-14 20:16:09","29.45","false"
"891","891","Also expect leave yourself might","99","9","1970-05-03 07:23:30","352.46","false"
"892","892","Meet rock end","43","10","1974-04-16 00:59:08","377.30","false"
"893","893","Contain car","35","5","2003-10-15 22:09:34","148.92","false"
"894","894","Site dark","6","10","2010-01-12 17:28:37","140.57","false"
"895","895","Million then","63","4","1974-12-14 13:30:36","337.79","false"
"896","896","Commercial out place style room","18","6","2010-03-05 04:31:01","272.55","false"
"897","897","Rock how","13","10","1984-07-17 15:29:45","426.73","false"
"898","898","State back we produce","54","1","2005-03-24 20:38:37","467.63","false"
"899","899","Able tax","24","9","1999-02-18 04:04:54","125.56","false"
"900","900","Wear option take case","96","2","1992-04-25 16:15:54","73.07","false"
"901","901","Model determine","28","4","2021-01-04 03:13:26","301.19","false"
"902","902","Society girl","23","7","2021-04-06 09:35:18","67.96","false"
"903","903","Sea arm","35","1","2008-08-09 08:34:13","107.75","false"
"904","904","Worker subject few","49","10","1988-08-28 18:05:02","438.35","false"
"905","905","Star energy","49","4","2000-11-27 21:57:39","352.22","false"
"906","906","Natural finish","35","2","1993-11-19 04:46:47","53.22","false"
"907","907","Despite serve including mouth","13","3","1980-05-03 02:39:11","283.64","false"
"908","908","Himself thus member simply","18","9","1983-06-15 04:12:54","475.01","false"
"909","909","Decade manager","69","4","1992-06-22 14:16:54","266.73","false"
"910","910","Push necessary audience local","86","2","1971-10-08 14:45:48","217.13","false"
"911","911","Even use reduce though","75","9","2020-05-22 06:32:51","449.32","false"
"912","912","School painting stage","12","3","2018-12-08 08:45:01","34.76","false"
"913","913","Hold simply likely","89","7","2000-08-02 01:44:08","65.61","false"
"914","914","Rich room","76","6","1992-09-14 22:14:33","451.27","false"
"915","915","Everything I lay sit","83","9","1988-11-01 16:07:42","95.21","false"
"916","916","During red call","33","4","1980-04-12 03:00:50","367.61","false"
"917","917","Friend miss","76","1","2011-10-19 11:44:54","349.43","false"
"918","918","Like beat help his dinner","87","10","2013-04-14 22:17:38","50.97","false"
"919","919","Protect health marriage","91","8","2004-12-30 23:16:03","147.55","false"
"920","920","Price reveal","44","7","1986-12-31 07:45:10","141.48","false"
"921","921","Happy other","0","1","1988-11-03 10:04:02","94.15","false"
"922","922","So plant only system","23","9","1997-08-02 05:30:45","66.49","false"
"923","923","Already final must position","36","4","1970-02-12 22:56:36","491.75","false"
"924","924","Now nothing low","23","6","1979-04-15 10:24:05","259.29","false"
"925","925","Argue name realize","56","5","2000-11-26 01:45:32","446.41","false"
"926","926","Thought evening side","79","2","1985-02-25 08:45:07","180.86","false"
"927","927","Piece contain media act","19","2","1983-09-09 03:23:41","374.29","false"
"928","928","Resource local whether","17","4","1973-07-06 07:24:06","4.80","false"
"929","929","Music customer prepare","30","10","2004-08-07 12:54:32","479.40","false"
"930","930","Small fill majority behavior","52","7","1993-08-06 18:13:15","346.11","false"
"931","931","Usually prove station voice","52","8","2001-11-27 01:19:39","331.29","false"
"932","932","Record American cell allow","55","8","1975-12-16 14:16:52","37.94","false"
"933","933","Everyone laugh produce prove","9","1","2001-06-22 22:40:22","451.42","false"
"934","934","Respond dark lawyer agreement ahead","86","9","1977-07-10 06:50:08","31.58","false"
"935","935","Sound beat","39","6","2014-10-02 02:44:52","323.34","false"
"936","936","From best for","65","6","2014-02-17 05:31:39","487.62","false"
"937","937","Rather require movement","12","2","1974-08-04 22:10:40","395.20","false"
"938","938","Page recent","54","5","2006-03-17 18:49:12","134.69","false"
"939","939","Drug next","64","10","2010-10-11 20:28:20","66.90","false"
"940","940","Tax difference instead race","69","9","1991-04-01 01:53:54","321.44","false"
"941","941","Save project","95","7","1995-01-30 07:37:46","370.21","false"
"942","942","Mission research state","13","3","1984-12-14 15:13:48","5.94","false"
"943","943","Down water sure program then","30","1","1977-08-15 00:59:22","297.60","false"
"944","944","Water explain","63","7","1985-02-12 07:13:40","109.73","false"
"945","945","Recognize focus or gas recognize","9","4","1972-11-01 11:34:04","371.45","false"
"946","946","Today response past mother","90","5","1975-03-29 00:58:14","92.40","false"
"947","947","Wonder significant control financial","89","6","1999-11-11 17:10:52","180.40","false"
"948","948","Practice move exactly","10","1","1972-12-03 21:51:24","209.21","false"
"949","949","Mind old","59","8","1994-08-19 17:23:13","268.15","false"
"950","950","Would best","92","5","1996-04-04 22:22:02","443.19","false"
"951","951","Audience continue effort out nature","12","6","1995-07-06 23:58:03","426.85","false"
"952","952","Marriage member action agent near","26","5","1996-08-17 08:08:01","127.58","false"
"953","953","Draw stage debate interview white","94","2","1999-01-19 06:08:04","433.03","false"
"954","954","Government forward","37","2","1981-09-26 16:08:29","46.15","false"
"955","955","News son throughout dinner statement","96","2","1989-12-17 12:08:20","428.51","false"
"956","956","Big able","49","2","1982-01-17 01:51:08","82.15","false"
"957","957","Under president perform partner within","0","2","1984-11-07 12:23:16","173.31","false"
"958","958","Nice agency much idea","23","9","2010-06-07 07:15:21","485.30","false"
"959","959","Difference speech more central simple","80","10","1983-01-09 04:23:41","146.44","false"
"960","960","Strategy again authority camera the","31","10","1974-04-16 06:24:22","74.68","false"
"961","961","Religious then hospital catch believe","67","4","1984-11-07 05:56:57","341.89","false"
"962","962","Mission something country","39","3","1979-06-27 22:58:10","180.05","false"
"963","963","Tv nation blue","71","6","1972-03-27 02:09:23","15.37","false"
"964","964","Imagine example","89","10","2003-10-11 14:06:02","194.94","false"
